id,Domain,Status,Attractiveness,Demand,Length,Registrar,Created,Expires
dd674af3-9cc1-4f4b-ab81-518ad3b3094d,abandoned.desi,premium,58,12,9,,,
dc9c7dd0-a2a9-46d2-8860-bca073366649,abdominal.desi,premium,82,3,9,,,
37063418-3d73-4c21-b4ff-dfb62070a052,abhorrent.desi,premium,54,2,9,,,
6ac16921-f4bc-4d99-b5cf-578249be1803,abiding.desi,premium,106,7,7,,,
94610499-c48b-4535-b9f2-69212bd39152,able.desi,premium,80,32,4,,,
2ec06c37-ef13-4069-802e-fe760f2eb5f9,abnormal.desi,premium,74,16,8,,,
7ff61582-bc8e-4170-aa56-251a50e53ea1,about.desi,premium,94,36,5,,,
6ae2daae-8f6b-462c-ae85-0e0b5b245d6e,above.desi,premium,112,22,5,,,
bebe478b-04d0-4722-a9e4-ef06b1de9877,abroad.desi,premium,92,12,6,,,
90afafe4-2e9d-4ee7-8e2a-eea1933bb8a5,absent.desi,premium,102,11,6,,,
b5fcc587-0b60-4543-8303-5af1d3d3d4ec,absolute.desi,premium,80,29,8,,,
ec7ab251-2f38-4146-9f52-fa646aeb9a44,absorbed.desi,premium,72,3,8,,,
2372827f-590a-45cd-b844-f705bf9c1b5e,absorbing.desi,premium,70,4,9,,,
fbb11cfa-fbe4-4876-a88b-088157deee63,abundant.desi,premium,80,20,8,,,
077c5a8e-1ac7-4747-85a2-eae3d0642af4,academic.desi,premium,96,21,8,,,
0cc4896b-1114-4f1e-ad1e-b6d9f13cdd4c,acappella.desi,premium,66,7,10,,,
cf002234-89e1-4550-873e-379572cfb3c2,acceptable.desi,premium,78,7,10,,,
65a65e4a-0469-49fb-82a6-d20672fcebd3,accepted.desi,premium,78,9,8,,,
b92ae418-4d85-47f3-93ac-000747491d72,accepting.desi,premium,74,4,9,,,
45ace75a-652c-486c-bcde-362a44b96751,accessible.desi,premium,78,23,10,,,
f66fba23-a310-4f43-afb5-2fca197a32a7,accessory.desi,premium,84,9,9,,,
785688e6-a443-452b-b2b8-48a1260d42ec,accredited.desi,premium,68,11,10,,,
6e34d2f3-1880-4f63-816e-da786c92337b,accurate.desi,premium,78,18,8,,,
21eea2fb-a7f2-4a98-93b5-ee70d0781d82,accustomed.desi,premium,72,2,10,,,
391bb168-30ea-4ef1-9927-ecddba75cc74,ace.desi,premium,88,55,3,,,
972aedb2-b1a4-4ed3-b9ad-d9befb536ab2,achievable.desi,premium,74,5,10,,,
9e3d9d1f-7215-45f2-a76c-5653791e3bde,acting.desi,premium,84,14,6,,,
1e221e8c-b0a0-48eb-b9b7-5522bbff7116,actionable.desi,premium,88,13,10,,,
13551baf-39cf-4462-8ba3-79b7def0b01c,activated.desi,premium,74,11,9,,,
97b8fff1-39a6-4383-a828-6ac5b6dffac0,active.desi,premium,104,31,6,,,
af0347dd-9558-419e-b8f7-9ca25a047354,activist.desi,premium,88,13,8,,,
4827de12-50bf-46fc-b474-55758957f7b2,actual.desi,premium,96,26,6,,,
5ab96ab0-2eb4-48a4-a5e7-5631f4cbc2c2,acute.desi,premium,112,12,5,,,
ac0ae13a-f1b4-4164-9ad6-7629aabaff25,adaptable.desi,premium,76,10,9,,,
2223206d-7ff6-4f18-a962-948693518061,adaptative.desi,premium,72,3,10,,,
ff8a6e39-b119-4871-a93a-3f975f42a35e,adapted.desi,premium,74,8,7,,,
aaf76bac-e7e0-46e5-bd44-f21b20999029,adaptive.desi,premium,76,32,8,,,
f162ec4c-bdbf-4298-a8b9-3f437d210b15,addicted.desi,premium,72,12,8,,,
ba892a08-a1b1-4f9f-adbf-e468afb32a36,addictive.desi,premium,90,11,9,,,
0d57c764-61b3-4042-99a0-8cc10b94ec5b,additional.desi,premium,90,9,10,,,
d2497b67-6238-4bef-9b6d-a2ed83826396,adept.desi,premium,92,27,5,,,
56adaea6-9aef-4351-bd82-de372054f1ad,adequate.desi,premium,94,11,8,,,
43d189b3-bb8a-40eb-8af4-5f2729f12d4c,adjustable.desi,premium,84,5,10,,,
9a3a7098-86ab-4fa3-9f9f-90b7990a5da1,adjusted.desi,premium,70,6,8,,,
f8d7e9d7-59ec-466b-8c50-694657ceaf2a,admirable.desi,premium,74,6,9,,,
f22192f3-f8d2-434e-8b63-a58ddb2d48c3,admired.desi,premium,70,6,7,,,
8729dc7f-2d8e-44e3-b3fb-4bf82249cf70,adolescent.desi,premium,86,6,10,,,
7e460169-91d6-46c2-8e49-0a1935984a27,adorable.desi,premium,78,11,8,,,
e6682e2f-e2e7-48ae-be16-33bf5b4a4374,adored.desi,premium,70,6,6,,,
307ed367-3d78-450a-84d8-15245c195d28,adoring.desi,premium,90,4,7,,,
d8981862-6765-4edc-985a-d681d866a201,adroit.desi,premium,72,15,6,,,
e171af0d-e809-481c-9d3c-7ea694e6dcf9,adult.desi,premium,110,31,5,,,
5efe8b33-c379-4851-9741-8639443a577b,advance.desi,premium,110,29,7,,,
93a83539-d21a-4188-a9bd-783594dc68f8,advanced.desi,premium,74,28,8,,,
b768b546-8247-48eb-83b4-0cb66e169007,advancing.desi,premium,72,8,9,,,
5d39767b-58cb-4421-a003-500a7eb56820,aerobic.desi,premium,74,6,7,,,
f10b8e47-3afa-4023-8d19-e2236c5884a6,aesthetic.desi,premium,88,29,9,,,
701d2eec-2a66-4d42-ab7b-517948cc7651,affable.desi,premium,80,5,7,,,
83dba2ba-6f2e-4fc1-a15f-4fbc72cc7013,affluent.desi,premium,88,10,8,,,
85913a04-9d16-4acb-b596-c4a009d62714,affordable.desi,premium,70,23,10,,,
34ac8b92-5e62-4823-aec6-08a9514ccd4c,after.desi,premium,100,25,5,,,
5556ac1b-3c24-440b-ab62-4c44b4171b12,aged.desi,premium,90,10,4,,,
6bc8a4b2-2895-40e2-805d-5495eacce77a,ageing.desi,premium,86,6,6,,,
5b20989b-5b81-40f1-9c05-0a04f289080a,aggressive.desi,premium,84,7,10,,,
073817fb-841a-4c25-a972-e3c04c276df9,agile.desi,premium,92,42,5,,,
4edb4ae1-ac0a-4bbb-96d5-fe196b473ea9,aging.desi,premium,86,12,5,,,
9436aad4-787d-470b-a540-5ecd7376d3cc,agnostic.desi,premium,84,9,8,,,
f4495849-471f-46f8-88e6-5d826641ac0b,ago.desi,premium,66,19,3,,,
2683541e-a349-4205-a1cd-90f68ce2b1dd,agreeable.desi,premium,92,6,9,,,
3454026e-18f7-4e8a-9838-b3e037c5b395,agreed.desi,premium,96,9,6,,,
c03f2676-b4ac-4160-9700-2f4a2e26137b,ahead.desi,premium,76,24,5,,,
0b6e83ac-f12e-4019-87d2-42080135b1f3,aided.desi,premium,72,6,5,,,
5c6036ba-6ff5-4f71-8d9e-f225e3b5bb6d,alamode.desi,premium,96,13,9,,,
3760791d-1bb6-4753-93d0-29e51e48a76d,alike.desi,premium,80,11,5,,,
80cdb2a2-e1de-4e83-aef6-2dc5d943f998,alkaline.desi,premium,88,10,8,,,
4bd38a60-f200-4fe2-b855-94cc5c92f062,all.desi,premium,88,45,3,,,
2ba9ada9-ed02-4ec1-b9b6-7e910c3922a7,alleged.desi,premium,70,5,7,,,
f5890bca-1381-43c4-821e-fa63c001a724,allegro.desi,premium,100,22,7,,,
6ff07161-ebd4-4b20-ac0b-a7c9471ebdf1,allied.desi,premium,74,23,6,,,
73baba42-dc40-43d4-98f5-03e7d16b8d82,allout.desi,premium,84,8,7,,,
a1a894bc-640e-48b5-947a-9b0c5d31f906,allright.desi,premium,68,9,9,,,
dbaac309-f14a-49e8-8a89-6986bcb98f99,alltime.desi,premium,72,12,8,,,
f9cbb0e9-b16e-493c-a955-237149015060,alluring.desi,premium,88,5,8,,,
43b334af-4670-43b1-ae11-bf3817fb643d,alone.desi,premium,78,15,5,,,
ef75408c-98d3-447d-8235-019623e7ca96,alpha.desi,premium,90,52,5,,,
44d51a99-bc94-4152-99d3-46a9cb23a5d5,alphabetic.desi,premium,66,3,10,,,
47bdf966-3fa2-43a3-b16c-2aff001d38be,alphameric.desi,premium,62,2,10,,,
190731dd-5919-4926-8d3a-5d300e77a1dd,alright.desi,premium,106,12,7,,,
1c998e84-05ff-4650-a1d9-a268b9904cd8,alterable.desi,premium,80,3,9,,,
e69bdce0-acc8-4cd7-bfb1-de1155f9307b,alternate.desi,premium,100,14,9,,,
70cc7b4b-4dce-4c04-baa1-e84ae49bce5b,altruistic.desi,premium,74,7,10,,,
2ed86c03-2a6e-4886-948a-21a3d315120f,alveolar.desi,premium,80,2,8,,,
7cf4716f-9dca-41ee-aba3-17c4a5e40ecc,amalgamate.desi,premium,82,5,10,,,
6efb3a35-76e5-4ad4-962f-203a6a77055a,amateur.desi,premium,84,20,7,,,
06aa13d9-a178-4a8f-83d7-e71dc58bf20c,amiable.desi,premium,80,6,7,,,
34348cc8-181e-414c-a2ce-65dc87dc1688,amorous.desi,premium,72,7,7,,,
0dc427f0-bdf0-493a-a804-bf316677b6ee,antique.desi,premium,72,17,7,,,
0259c7e4-a26d-4a50-85c2-fe4838ece8cb,around.desi,premium,94,22,6,,,
2f24e81e-045d-4904-87c3-3364a2851c17,assisted.desi,premium,68,9,8,,,
d92acf08-4c11-4b8e-936a-8ffb6ef65f30,athletic.desi,premium,78,17,8,,,
0e595843-fcdc-49fa-9355-acac1c8a88c2,attach.desi,premium,76,11,6,,,
622d5a6e-ed58-4872-9e8f-b8cb0776890a,attendant.desi,premium,86,8,9,,,
13e773b0-8d67-4cdb-bb7e-ba0731188e9e,before.desi,premium,84,16,6,,,
fe2f83cb-1116-44a2-aa85-ffaf79b05e09,beguiling.desi,premium,88,2,9,,,
aab9ec8e-a585-4d95-a3b7-c936b8440448,below.desi,premium,66,10,5,,,
0abe4f6c-823a-41e7-b331-4847c6e9212c,big.desi,premium,88,44,3,,,
ad74ced0-314d-4ce8-8b05-7ce73b80d01d,bloody.desi,premium,110,13,6,,,
593472b3-b7bd-4bd2-bad4-a1402328886d,bore.desi,premium,82,10,4,,,
30c0c626-fddb-49cc-80db-a5c6aa086b45,brief.desi,premium,124,21,5,,,
ab53e3ee-0ae1-478b-b865-306825973efc,broad.desi,premium,74,15,5,,,
97397401-892d-4c8d-8735-1dcb0e9f63a6,capable.desi,premium,80,14,7,,,
b1bee746-e8fc-4c94-b7c1-20fedbe02646,champion.desi,premium,72,32,8,,,
6f302b9f-4594-4ae8-bcdf-b8d3aa13c099,check.desi,premium,76,35,5,,,
21530d5d-4512-40f7-aaef-545380ad4269,chill.desi,premium,72,33,5,,,
473e9368-a705-4cb3-bfec-e7cb13b8621b,chip.desi,premium,76,28,4,,,
b10a2ad8-69da-464a-aa49-63cd5b87666c,choice.desi,premium,74,32,6,,,
3918e778-3cd0-40e8-8464-454546bdc063,clear.desi,premium,90,46,5,,,
b37a6c03-43bb-4dca-a1b5-dd6d8ef0feb6,cleared.desi,premium,74,9,7,,,
4c4f4ed8-71bb-4d86-889d-46dde4f002e9,close.desi,premium,72,21,5,,,
5e7abeb7-1256-4524-9520-8dd8c1d0a647,closeto.desi,premium,58,4,8,,,
6873f880-9086-43ca-b215-78be275d762d,column.desi,premium,74,14,6,,,
01fd753b-7f7c-4997-9cb1-07d5ff480497,communist.desi,premium,78,11,9,,,
ba2b483e-0c60-4f63-a52d-df351c4ebf8a,comp.desi,premium,63,22,4,,,
7cac3043-4f40-4909-b982-9968095bb316,compact.desi,premium,115,16,7,,,
3ff911d6-2e5f-4f8b-93b5-cf1d45392d28,comparable.desi,premium,87,5,10,,,
7ec8eae7-0cff-45e8-a75d-5ca620a35a7e,compatible.desi,premium,91,9,10,,,
0f6c389d-f1c0-4c8b-b1db-9bbf019873e6,compelling.desi,premium,92,8,10,,,
334a1eb9-e34a-4e6e-8a5a-6311e4e9ffe9,competent.desi,premium,73,9,9,,,
f17388d0-7bac-4df6-9364-dcca3cd0898a,complete.desi,premium,120,26,8,,,
966c002b-6539-4146-b0fa-cc5a9200700a,completed.desi,premium,74,6,9,,,
32e265ea-befb-4d75-8702-b46430ce0d75,completely.desi,premium,66,8,10,,,
ec267ba4-70be-4db6-a644-ac4223a4daea,completing.desi,premium,68,3,10,,,
44115c15-4ad4-4b61-987d-d9e67f85bef6,complex.desi,premium,111,23,7,,,
6c5ed59f-007b-4bcd-9629-1248edbe0f28,compliant.desi,premium,69,12,9,,,
cb32216d-39f4-490d-9c84-030d3c52be82,component.desi,premium,84,19,9,,,
9b2bc886-5ef9-4c18-9ba2-62e6e4d61243,composed.desi,premium,71,10,8,,,
b726d5ff-c947-45da-93de-fe367896b07d,composite.desi,premium,107,18,9,,,
35645be1-2281-4604-b8b3-923dc4da205d,compound.desi,premium,105,24,8,,,
83f1d895-ac47-4a2e-8994-33d3dc285b29,compressed.desi,premium,65,5,10,,,
bb19697a-3c1c-49a1-a9eb-f8dccbeb37e9,compulsory.desi,premium,82,4,10,,,
88afed1d-8dff-4c14-8234-c11cce0cc1f1,concealed.desi,premium,59,7,9,,,
4643d783-ce38-454a-b32c-0a55962c47b2,concerned.desi,premium,66,6,9,,,
4d0b5da7-9627-4230-8a57-21a2c99e9d2e,concise.desi,premium,93,13,7,,,
91f9ac39-6677-460e-b612-0e76de1d56ef,conclusive.desi,premium,69,7,10,,,
4054e547-2006-4dfa-ade9-3009321fb7aa,concrete.desi,premium,102,32,8,,,
61b44d58-1a40-43ef-9755-fa8fd4b3989b,confident.desi,premium,93,17,9,,,
b781d27b-ccbc-4f47-bb57-5b3a5e10993c,confirmed.desi,premium,69,11,9,,,
d79e0db0-c84e-497e-b92d-6e43e1c759e9,confirming.desi,premium,73,5,10,,,
5db556a1-8ea2-4415-9b09-446e2af3880c,confusing.desi,premium,61,6,9,,,
589fcb8f-1c37-463b-9acd-ec98ff43f695,conscious.desi,premium,89,36,9,,,
632b6d33-ebd9-4fab-8c92-b27698e4e7eb,consider.desi,premium,74,9,8,,,
bc6a6231-2e90-4c11-9b10-9ae4f0a382ee,considered.desi,premium,71,9,10,,,
b70303ed-2f76-4073-a494-0524b7b16631,consuming.desi,premium,82,3,9,,,
29b7c023-a1a4-4573-8a8a-05227fcb49d2,consummate.desi,premium,88,2,10,,,
dca85907-573e-4498-aa8a-21d29f9a474b,contained.desi,premium,64,7,9,,,
82e5f4d6-1e2f-4e2e-a347-9a962f9a4b51,content.desi,premium,138,39,7,,,
6790e884-c4da-4f87-aea2-51a307b852dd,contented.desi,premium,70,8,9,,,
dfff36da-5e76-40aa-ab05-658f732c40d1,contested.desi,premium,60,5,9,,,
a6c3a253-5615-45b1-acd9-fc73f48c530d,contingent.desi,premium,80,9,10,,,
fcc952fc-6b1a-4a4a-ad32-9695b5f2ba09,continual.desi,premium,66,6,9,,,
bbb1a227-e7d3-449a-b6ea-bae33f7db30d,continued.desi,premium,86,5,9,,,
ac8a73ff-213d-45b3-8ce9-9bad8d11f781,continuing.desi,premium,70,5,10,,,
78bfd89b-df0b-4c26-8745-af3500e73ea1,continuous.desi,premium,72,14,10,,,
77892810-9d43-4499-b81d-4dc874291579,contracted.desi,premium,62,3,10,,,
b8fe1776-b52c-40aa-a78f-5b674cd8e374,contrary.desi,premium,106,7,8,,,
acda9680-9feb-4283-9171-6627ad4323a5,controlled.desi,premium,68,7,10,,,
2de89012-0edc-4012-94cf-b33700c847d6,converse.desi,premium,64,74,8,,,
a5dd0ce4-d14f-43b6-b6b8-ada1c1d9f6dd,convincing.desi,premium,90,3,10,,,
825dc038-520e-4cf1-9096-0644f35fcb5a,cooked.desi,premium,70,14,6,,,
4c3e0e80-2ed9-4fde-9359-c00d7fa45346,cooldown.desi,premium,70,9,9,,,
dc40aa30-d056-4763-a301-d49f0642e353,coordinate.desi,premium,108,17,10,,,
5393bde4-030f-4812-bee7-96d269907d22,coral.desi,premium,68,32,5,,,
739ea044-003a-4d66-81b9-bd7e7645a72d,cordial.desi,premium,98,12,7,,,
802c946f-e25b-476f-8d57-e10736406c4a,corny.desi,premium,64,7,5,,,
e01c7dbf-c077-454a-bab2-f814339979b6,correct.desi,premium,140,17,7,,,
b1f4f5e5-cc9e-4801-8430-82bb86a8430c,corrected.desi,premium,70,4,9,,,
037c3000-5a26-457b-b6cd-132fab91bb40,corrective.desi,premium,86,3,10,,,
5bcc644b-d9ff-4668-b97f-ee49a6ac19e1,correlate.desi,premium,88,7,9,,,
0a4b783b-9faa-4fa5-8773-b1110c7d4ebc,corrupt.desi,premium,80,12,7,,,
ddd0a03d-19c0-49b6-820a-2536c8359715,corrupted.desi,premium,52,9,9,,,
4f8b7f2e-bbc6-410f-84d4-48b895ab6b76,cosmetic.desi,premium,86,17,8,,,
29375986-904f-43c5-9718-b2e5291571ad,costly.desi,premium,66,6,6,,,
91049750-29e6-4d59-955b-adba1cbb8f61,countless.desi,premium,70,5,9,,,
7faa1fe4-4f50-4b1b-96e3-5dc485ad5702,courteous.desi,premium,70,3,9,,,
d0554f99-7aff-4f39-9bbc-bfa197068e63,covered.desi,premium,74,13,7,,,
5e0b475f-034d-4c17-a955-ff4303daec47,covert.desi,premium,60,17,6,,,
dd9ea730-c8af-4233-ac70-b446dbe7c52f,coveted.desi,premium,72,4,7,,,
7ae32ee2-82c1-430e-8619-685382429625,coy.desi,premium,64,11,3,,,
baf9f615-4124-4b96-970c-238a55ea511d,cozy.desi,premium,110,36,4,,,
a78515b7-d01a-4eb5-8dec-53a525ad6e74,cracked.desi,premium,70,20,7,,,
bbb8f086-609e-43ad-b2e0-2a76f1480e74,craft.desi,premium,70,40,5,,,
412d1b61-880d-48aa-bf74-a0a29895aa42,crafty.desi,premium,68,19,6,,,
3194eee0-c6a9-4533-a0a2-8ff183085e10,creator.desi,premium,70,43,7,,,
9b7194c4-c31f-4121-a492-285dac197e1e,creepy.desi,premium,60,13,6,,,
bb3a221f-64c9-4872-8f8b-4ff33c435b1c,criminal.desi,premium,79,15,8,,,
ebbd0072-c6d4-47c8-8730-fd76db18c5f2,crisp.desi,premium,68,25,5,,,
df572736-a9ed-4fb0-b8fe-b9dca1bc3739,critical.desi,premium,82,23,8,,,
0f16d0fc-c9f4-4da5-abbf-a02432f2c3a2,crowded.desi,premium,60,8,7,,,
000b3c8c-18ee-436d-8972-e303cee613a8,crucial.desi,premium,80,20,7,,,
5049576a-1657-487c-add1-8f02f2987484,crude.desi,premium,86,11,5,,,
26d79399-faa6-4eb8-b600-e2b26d963f93,crying.desi,premium,82,9,6,,,
cd0708a5-876c-4a52-8d4b-16cd059aeab8,cunning.desi,premium,60,7,7,,,
88fe8ffe-f96c-4866-a77e-b5092f2db0f3,curative.desi,premium,92,26,8,,,
aa01a86c-3736-4164-965d-be54b5c1da6f,cure.desi,premium,72,26,4,,,
74bc3d17-7bc6-4abe-9f47-e0187337dda7,curious.desi,premium,74,27,7,,,
e31d06b2-248d-4be3-897c-ed2285c0d683,curse.desi,premium,78,11,5,,,
e38406b4-a445-4440-b3c0-dd3a594c9e00,custom.desi,premium,110,37,6,,,
c831f070-fcb0-4f23-b24f-47ef829f1fe2,cut.desi,premium,124,25,3,,,
078a1cf0-66b3-467b-a6a9-9b05600218da,damn.desi,premium,140,20,4,,,
1df91cd8-7603-4dc3-bdaa-4f52e25f919a,dark.desi,premium,52,38,4,,,
144c2e5b-1366-4ca3-b179-63585f7fc32c,dead.desi,premium,74,28,4,,,
862bdd9e-8df3-4037-8895-aecc7ab0ef29,death.desi,premium,62,26,5,,,
a4368ed0-30f5-446c-8471-2e7404d61a0b,debate.desi,premium,90,21,6,,,
6f411d2c-0d0b-476c-9fd9-871a4c1638d7,decorated.desi,premium,68,3,9,,,
c09d5b10-6a00-4251-ba68-39fc8bec0f4a,dedicated.desi,premium,73,15,9,,,
9a0f7ec8-7ede-4993-beab-06b7b3f0ffd3,deep.desi,premium,72,40,4,,,
df4eb9bb-50b3-4152-a0da-e83270d67187,define.desi,premium,96,19,6,,,
45d3954a-e834-4a1c-90c8-3658af9ff145,defined.desi,premium,68,20,7,,,
72e5d45f-4b4f-4d89-8c40-30c9049b245a,definite.desi,premium,84,8,8,,,
45d143b4-ee28-4a9d-9241-4c7d18c3e73c,delayed.desi,premium,56,7,7,,,
78019c11-20fd-4eaa-b85d-ad29d2299e06,delicate.desi,premium,84,8,8,,,
6d93a0e0-1fe5-43e7-aaa5-35f9196cac60,delightful.desi,premium,68,14,10,,,
f2f9ae2b-9b15-497f-bbb0-6b24b3d5f01c,democratic.desi,premium,66,12,10,,,
3c325f8e-6867-4eac-8609-faa0a459ba34,dental.desi,premium,90,34,6,,,
f39bf160-08ab-4510-a0b8-ac2a8f3bf5d3,derelict.desi,premium,92,7,8,,,
55a16dc8-400b-466f-9faa-f1b66a6f936c,described.desi,premium,62,4,9,,,
070da50c-2d7c-4a3d-adae-2e8d5f03926c,desert.desi,premium,104,20,6,,,
b0bcaee3-a7ad-43cc-9499-787c87bb3ec4,designed.desi,premium,64,13,8,,,
f5a2163f-de6c-4f59-8ca5-57e9e569b10c,desired.desi,premium,78,11,7,,,
e1b072a8-5b12-441b-9306-f0545a0dd634,despondent.desi,premium,47,2,10,,,
aaf11f8e-f59f-4534-b5a5-77f519619bbe,destined.desi,premium,70,6,8,,,
54580f19-a5fc-435d-9d03-3f5dc4ec5954,destroyed.desi,premium,52,4,9,,,
6d1abe7a-c681-47ef-aea7-609be06dded2,detached.desi,premium,56,7,8,,,
d59aaa6e-7e18-455c-aa01-e223525f88b9,detailed.desi,premium,68,8,8,,,
73a74508-bef5-4fd4-bb95-9b481e8ca909,detected.desi,premium,62,5,8,,,
20de092e-5e5d-4482-b26c-fd7292819b9f,detergent.desi,premium,80,7,9,,,
976eda6d-f17e-4b05-baea-a148f974b21a,determined.desi,premium,72,8,10,,,
2181b0c9-00f6-439c-b444-01b02f592947,deuce.desi,premium,66,10,5,,,
3600763f-fd3f-4d8f-9c2b-7b5acb31ce9f,developed.desi,premium,72,6,9,,,
e23cfce6-19ac-4cff-933f-933abdd34676,developing.desi,premium,74,11,10,,,
62690b24-33f8-4865-a404-dd9b373c0f53,devoted.desi,premium,76,12,7,,,
148e3488-62e5-44a3-9f9e-71ae305084df,different.desi,premium,100,24,9,,,
89114753-2567-4607-88f9-c44808c10a9e,difficult.desi,premium,82,7,9,,,
52f61dad-2762-4738-aa8f-81d83c3e4047,digital.desi,premium,100,46,7,,,
b764fb9b-4c1e-4a40-8d23-39bdaf03fe96,dignified.desi,premium,66,6,9,,,
62fb2fdb-10f1-4a7a-bebb-6643dfd35709,diligent.desi,premium,68,20,8,,,
1d1c1bd8-1f40-44e3-a40b-032aa83d0912,dip.desi,premium,70,21,3,,,
34f3811c-2934-4501-90d9-26e849f8dd92,diplomatic.desi,premium,84,9,10,,,
80d43258-9efe-4ccb-ada0-ccc26d2a0c4c,direct.desi,premium,104,39,6,,,
b59e566a-d31d-43d5-ba45-7b90a4f6367e,directed.desi,premium,70,10,8,,,
1f12bfbf-c1b8-4186-8762-19126797ae8e,directing.desi,premium,66,4,9,,,
b87599bd-10be-42c9-b2de-9e5e6a8bbe1c,directly.desi,premium,70,9,8,,,
28f1f14b-ed7a-4651-a120-30339fa19532,dirt.desi,premium,64,26,4,,,
db7b98c4-04b2-48b8-9307-b4f0c178a927,dirty.desi,premium,92,24,5,,,
b38707c1-6230-4687-aa93-2715d77017c4,disabled.desi,premium,72,9,8,,,
9055042f-5988-49ce-92d0-ad283e038827,disclosed.desi,premium,58,5,9,,,
18ce3f55-0af4-4eda-9960-bc18c1fff266,discourse.desi,premium,88,15,9,,,
1986a165-bdc2-4409-b855-f63439868171,dismissed.desi,premium,50,5,9,,,
9600d44d-22d9-45b6-8583-cba2b4087ba5,distant.desi,premium,64,13,7,,,
717397f6-28cd-4881-a553-94178f6aa226,divert.desi,premium,70,8,6,,,
2269a404-36ce-416a-b805-019cf3d65a77,doable.desi,premium,96,11,6,,,
d9d4ff52-018b-4e56-8ed4-6b92d0e1a029,domestic.desi,premium,90,10,8,,,
2cca368f-6cff-4d37-ace3-c16d76595dc1,dominated.desi,premium,56,3,9,,,
0c348732-2d6f-4e43-ad1b-a4190fc0a975,done.desi,premium,80,34,4,,,
c584cb5f-5a30-4c13-a582-ea33245735fc,double.desi,premium,92,30,6,,,
c957cab3-1aab-44cd-a4f9-2b7325dea65b,doubtful.desi,premium,74,4,8,,,
0d794bb8-c1a2-47d0-9475-78e421dadd39,down.desi,premium,76,19,4,,,
e78e521b-3240-4420-935d-3995ba01a443,downtown.desi,premium,94,19,8,,,
2a70d06a-02cc-44f3-9e7c-01c751b80759,dozen.desi,premium,82,11,5,,,
55427815-69a8-4302-8c82-50b17af57631,dramatic.desi,premium,68,6,8,,,
85fc9060-a7dc-4408-b0b9-8e4266b1c82a,dress.desi,premium,100,17,5,,,
512eeb52-d7ce-44be-807b-e4e79aea7cc4,drink.desi,premium,100,25,5,,,
d307f85c-3932-41f4-a5a8-c0751697dad8,drive.desi,premium,100,38,5,,,
2a6d4618-7c51-48c3-bb6e-ece25718bb6f,driving.desi,premium,90,20,7,,,
4d918f8f-d967-4339-9570-cad72f840205,drop.desi,premium,86,37,4,,,
f1491e9c-6ccf-4f6a-8fd0-e53e694216c3,dry.desi,premium,80,24,3,,,
db55857d-4876-47c3-a5dc-77fce3969063,dummy.desi,premium,88,15,5,,,
9aa198cc-3cfd-4861-bdaa-e1235572c9c8,duplicate.desi,premium,100,8,9,,,
7b787a81-43af-4c64-9880-600b79a9562b,durable.desi,premium,90,18,7,,,
2ae9e10f-1d33-4a63-8e14-6ce08267d183,dying.desi,premium,82,8,5,,,
97e18b67-88b8-4885-a6f2-1bd36b7d2986,dynamic.desi,premium,94,34,7,,,
1140c20f-51d3-4942-bd7d-3af42e95e909,each.desi,premium,102,13,4,,,
68f495f1-2255-44c8-824a-f16a8454e808,eager.desi,premium,70,11,5,,,
27521d6a-d328-4ad1-970c-8c9f8f98f93a,earlier.desi,premium,66,6,7,,,
d0375d43-e06b-4a5c-a5a4-0a69d8f13341,earliest.desi,premium,60,3,8,,,
1c633063-83c7-4d2b-b739-7aaecb9dc903,early.desi,premium,70,24,5,,,
4c44a43d-aaaf-40b0-b01a-7be92f719906,earned.desi,premium,72,10,6,,,
af117bbc-7639-4594-b679-9a68269c6eab,easily.desi,premium,74,11,6,,,
517a6809-7fc1-4542-8b86-00ef65be7783,east.desi,premium,72,27,4,,,
1e3b01f4-fce2-4dd4-82b8-811d50438d26,easter.desi,premium,110,17,6,,,
b2ddf20f-62bb-4d78-ab90-b0589f4000ed,eastern.desi,premium,70,14,7,,,
d5413fbd-a8fa-46d6-babf-d2ca7ca7102a,economic.desi,premium,70,12,8,,,
92db2d2a-157b-4b0a-b903-be8a5d3e6255,economical.desi,premium,68,5,10,,,
33b16a5d-1c16-4e2b-84c2-a03a8fca82d1,educated.desi,premium,68,9,8,,,
c2836b3b-150a-417a-b599-5145ab953ad3,effective.desi,premium,88,20,9,,,
f39e4346-c7e6-4274-b75e-a2e405049838,efficient.desi,premium,90,22,9,,,
bee783e5-ed07-49c9-9c90-35bb7675439a,eight.desi,premium,102,25,5,,,
eb909fd1-de73-4937-a17c-96c93933e61e,eighteen.desi,premium,76,9,8,,,
1604bcb0-51a9-4d01-9005-2e71f639e7f3,elaborate.desi,premium,86,8,9,,,
c535c0ba-9e7c-48fe-b1d8-4c7d6b91ee24,elaborated.desi,premium,64,2,10,,,
cf44eb8a-5536-417b-a076-1230254c4943,elderly.desi,premium,94,12,7,,,
34189fd7-1674-4dc7-b87c-8482bcf6c9a9,electric.desi,premium,86,32,8,,,
671e6cc2-0c52-4fbc-890d-17b78dee2967,electronic.desi,premium,68,20,10,,,
096e1126-13d0-419b-8456-541bbbaf7375,elegant.desi,premium,94,24,7,,,
68a020ba-e198-4dc7-8243-afcf5866747c,element.desi,premium,96,30,7,,,
8a16ee2c-aa8d-490b-98f6-a5f541af0c74,eleven.desi,premium,88,34,6,,,
978cc52a-d29b-4228-8be1-0167064744b2,elite.desi,premium,90,37,5,,,
b08552c8-d498-4e54-b2d9-e63693c37040,endearing.desi,premium,90,3,9,,,
fa646635-9565-40cd-b665-d694c3b8475b,engrossed.desi,premium,72,2,9,,,
f949990d-d851-470a-9656-70da5dfe5356,enticing.desi,premium,88,3,8,,,
5fe0b5a3-8c54-423e-be7f-7adef1d31335,envious.desi,premium,62,7,7,,,
ecfb276a-381d-422b-a993-37c54780ae95,equal.desi,premium,116,19,5,,,
1d53adf5-0341-4d83-8e5c-807a4af080d0,essential.desi,premium,98,28,9,,,
0f5065a9-3ccc-4214-a29a-5888d98b5cfe,esthetic.desi,premium,70,9,8,,,
a8589737-cac6-4423-ae4c-2dd132ebf57e,esthetical.desi,premium,70,2,10,,,
1621eb10-fc3c-42a3-a692-e078064af2d9,eternal.desi,premium,92,38,7,,,
a5b9e3ed-47f8-44e7-b7db-26757ec1c5d7,ethereal.desi,premium,88,31,8,,,
580ec4e4-b17f-4595-b568-612261ffd904,exemplary.desi,premium,92,6,9,,,
160fb508-dd71-4738-9b20-b35cde8d9c8d,expand.desi,premium,82,19,6,,,
c3233ac6-4523-4656-b287-ebb05d4ed627,expert.desi,premium,104,31,6,,,
eb206966-a6ad-4853-a264-d442bef1bb6f,extra.desi,premium,102,29,5,,,
43c49924-bae2-444e-a6bc-41d8613635e3,fast.desi,premium,82,48,4,,,
88abe39a-b6a0-42cd-a139-5642ddfadcf5,favorite.desi,premium,66,22,8,,,
8b3c1802-f31a-4752-afc6-bb2dc3a2f779,fear.desi,premium,58,17,4,,,
9fbb5daf-5c0f-4dd9-8d5c-704d566266eb,fearful.desi,premium,70,3,7,,,
90d3d025-12bd-4dd3-8825-7f13e6f52c3e,female.desi,premium,90,17,6,,,
ccd721a0-4148-4bea-a308-de7c0d9bfd41,fifteen.desi,premium,88,14,7,,,
05b3391f-66d0-4ae8-80ca-e45906081048,final.desi,premium,93,24,5,,,
efe5c358-66b3-402e-b6bd-74f7db2de603,fine.desi,premium,80,29,4,,,
57dc20b0-de1c-41d2-a164-5264c5efe7f0,fired.desi,premium,52,8,5,,,
3f3ccb24-5414-41fd-aae0-d21de506fce4,first.desi,premium,80,40,5,,,
163a9e2c-6140-4cc9-a7e4-2382d1a137d6,flat.desi,premium,116,26,4,,,
fabd89f9-9ec3-437f-88d2-953a8746215d,flexible.desi,premium,93,15,8,,,
05645a4a-f108-407a-8e9f-f58e4eafd2a0,fond.desi,premium,116,14,4,,,
bca25569-7c6b-4d96-a6ac-2d891e59feb9,foolish.desi,premium,60,14,7,,,
15856086-b733-44bd-8b66-fc219647af81,forced.desi,premium,67,6,6,,,
d67b58d2-bd66-4432-b178-489d3623d7b5,forge.desi,premium,62,39,5,,,
622f6659-60f8-4a09-9c0c-3639a71cff16,forgiving.desi,premium,96,3,9,,,
29209a3a-aa86-4de6-bdcf-55c8f609dc84,formal.desi,premium,94,12,6,,,
1af54a55-4fef-44e6-958d-66e6df0f9ffb,forward.desi,premium,68,39,7,,,
9ce1f829-f491-42a8-9439-26b836a90dc3,four.desi,premium,66,32,4,,,
d4e53cdb-3280-4072-89ff-ce1776ffcbe9,fourteen.desi,premium,84,10,8,,,
d029e427-cef7-4cf7-88aa-c2a30ee74332,free.desi,premium,88,54,4,,,
f0db4241-d15a-4530-bddc-d00176f9b1c8,frustrate.desi,premium,74,3,9,,,
6be9d54b-53e2-48de-b954-24d7752ea430,frustrated.desi,premium,54,5,10,,,
854f57ee-1ca8-4e94-aa2f-318ccce31c17,fullscale.desi,premium,72,8,10,,,
efb24c7f-49c6-415c-9cca-82545f616296,fused.desi,premium,66,16,5,,,
cad67284-5351-4d0d-973f-94f8d42b291c,game.desi,premium,120,49,4,,,
bfbbd362-93ba-4558-bf34-396d645bd439,gather.desi,premium,96,39,6,,,
1518d35f-9dc1-434e-a6fc-f50fa2c86cd8,geek.desi,premium,90,33,4,,,
d528d729-a784-4a68-a46c-36f653982f1a,genial.desi,premium,80,19,6,,,
cd02504e-6136-4a1f-b650-5ff83c7297e3,genius.desi,premium,98,46,6,,,
67e2d0ef-d28c-4f6d-8d9e-13223f83c98f,genuine.desi,premium,78,22,7,,,
92a5924a-84c2-483b-a853-df60d48b7d65,giant.desi,premium,72,,5,,,
694e96b7-1ef5-4c7c-baf2-5b2830d12c1c,good.desi,premium,82,52,4,,,
98a42182-aed2-4b51-a540-9ec69c98c1c2,goon.desi,premium,80,32,5,,,
707e9d46-9ce4-4ec0-8c57-f2e8c702a799,gracious.desi,premium,90,11,8,,,
1e137a90-9406-4945-83e8-8f129393cc31,grand.desi,premium,84,29,5,,,
0cc9aa0e-240f-4ea7-a4c1-18f470a28af3,gripping.desi,premium,90,4,8,,,
0531c84a-b6bf-4dfe-a951-0e5f7df47752,gross.desi,premium,64,23,5,,,
6276f77f-804a-4ae4-a81b-3d99c5099d82,halt.desi,premium,66,14,4,,,
25a03dc7-b54f-4502-ad37-ea24d425ed3d,handicap.desi,premium,78,11,8,,,
1fd5fa38-05f1-4613-b705-93abd258ef8a,hidden.desi,premium,65,33,6,,,
5bfc60ed-2b3f-4b4b-a81c-73b970841514,hiding.desi,premium,70,6,6,,,
1ae1a13d-c9cb-41e8-a196-960e7bc1ba8e,historical.desi,premium,88,13,10,,,
d3d1ecf5-51f9-4c36-97ee-b372172b0b26,horseback.desi,premium,80,4,9,,,
9fb37f23-b107-4dc0-a612-500aa88ddc8c,hotshot.desi,premium,112,14,7,,,
8731a4ab-862d-4a79-9117-204e1e7e0c93,hundred.desi,premium,88,15,7,,,
37f1bf92-8e00-4f4e-9230-deb9bf73b46d,hunkydory.desi,premium,70,7,10,,,
7dbb3f14-be2d-4a09-b514-f40f7e13c7ba,idiotic.desi,premium,60,5,7,,,
a724f5dc-cd3f-451d-a0a1-0446d0eabe1a,imaginable.desi,premium,69,4,10,,,
b47a6ec3-6b5c-4b3d-b519-2adce2d89c83,immediate.desi,premium,72,12,9,,,
771cce4c-a72a-4be7-ab00-3e993ec47528,improvise.desi,premium,76,6,9,,,
fc406b65-fdd1-4a0a-a463-8f6b4a3a0226,infront.desi,premium,60,8,8,,,
4c8937f1-8fb3-4e62-b83f-492491a37ed2,instant.desi,premium,108,36,7,,,
0cf196fb-2fe8-4acf-ab1f-d56b34923b44,insulting.desi,premium,70,3,9,,,
2ff159f2-595d-440b-8726-7f0c89b37b73,jealous.desi,premium,84,7,7,,,
4da02591-b8fb-44f2-bd9a-d534e7722f86,jump.desi,premium,72,31,4,,,
a94f937e-6d33-4825-81be-74aa927267c2,justabout.desi,premium,58,5,10,,,
ed368128-ab7d-4b8d-97ee-fd6dc2a8fff9,kill.desi,premium,62,19,4,,,
5b8c985c-c013-497f-b62d-32ea22b7f4d6,lasting.desi,premium,84,9,7,,,
28d636d5-e851-4b1a-b274-16619866b20c,later.desi,premium,74,20,5,,,
d5f4d53f-0a45-40d0-a86b-19680a84d38a,leading.desi,premium,102,20,7,,,
61bcf1c6-ca10-4277-961f-ef3eaa295d8a,learned.desi,premium,71,10,7,,,
21309fd7-a5ae-4b9c-b264-617d0f9a25d9,licenced.desi,premium,68,2,8,,,
154d1b7c-3428-4bb0-b5c9-74b1c6fe9d0c,licensed.desi,premium,68,8,8,,,
dfff3055-2cd3-4d1a-85fc-88454a0f9f80,like.desi,premium,84,35,4,,,
a985fd77-62cc-4a8d-91d4-25876d73de58,likewise.desi,premium,60,10,8,,,
934f42e1-8b0b-4536-98e8-28069dfc132a,limiting.desi,premium,65,2,8,,,
0c5db055-2505-4e66-8eb1-5087fc4dd4aa,live.desi,premium,108,52,4,,,
9f637431-4aef-46ae-ade6-cd80a30875bb,load.desi,premium,78,24,4,,,
0b644c55-aa4e-4864-b061-75b7f56e4e68,lord.desi,premium,84,24,4,,,
ed7625ac-3b47-41d9-8b40-bdc8cd5d193e,lousy.desi,premium,60,8,5,,,
d682df08-bd44-45aa-b9ca-520f7d0a9ec4,lovely.desi,premium,72,29,6,,,
f22dcaa1-c1a0-4791-82c6-37935f2ac707,low.desi,premium,78,22,3,,,
d00d5c34-fa3f-4769-b0bb-c009b27bd6f8,manageable.desi,premium,74,6,10,,,
0a2f6910-261e-478a-b498-26390ebcd783,mandatory.desi,premium,84,7,9,,,
8c1055bb-5721-437f-be68-d0e562ddf9b6,marchon.desi,premium,68,7,8,,,
c8d6c453-f2e2-4ed6-9f37-3bd4ff7e640d,mark.desi,premium,66,40,4,,,
fa68a6a3-5344-4e7b-8383-f585f66e83ff,mass.desi,premium,78,28,4,,,
e04d47eb-ca67-4e8f-9577-5f6ea1ff155b,masterful.desi,premium,74,9,9,,,
9e5d92f2-8f99-4e63-802f-5703f83ef5a5,masterly.desi,premium,79,18,8,,,
2f49d9fe-9982-4e01-8da9-d631e4e369cd,material.desi,premium,106,23,8,,,
b662b9cc-dd3e-4dc1-8d04-a14879e5b738,medical.desi,premium,100,31,7,,,
3ffdaf0e-0200-44fa-a829-4f85e71984c7,mingle.desi,premium,62,19,6,,,
a364285d-426e-4f29-993f-d767cdfc9a28,mix.desi,premium,66,42,3,,,
e2fb9ee1-a83f-440c-ab25-c3376dd2ec11,modernday.desi,premium,70,6,10,,,
b88c879f-6a25-4c2e-a9d8-d77e900bcbf8,moveon.desi,premium,72,13,7,,,
73ba9029-9c64-41d7-bea2-53f4717f3086,mysterious.desi,premium,68,19,10,,,
43db42c4-0c64-4289-8a67-17aa454d32b6,nail.desi,premium,62,18,4,,,
89d348a7-f7cb-4f67-8a53-5661641a643b,nationwide.desi,premium,76,66,10,,,
ba70214e-a300-4e88-92d5-6ddd596cd16f,needy.desi,premium,58,7,5,,,
c5afdba6-342c-45af-807d-8f00397eb4a4,negative.desi,premium,112,12,8,,,
b33a17e8-ccd9-44cc-8604-e67f7df5e468,nervous.desi,premium,64,11,7,,,
aab78be0-40e2-49a5-83a5-ed09ffecd4ec,neutral.desi,premium,92,21,7,,,
7a6dcc79-7dbc-461b-867a-d6e2001576db,nice.desi,premium,86,42,4,,,
9698b8d6-b2b8-4ecc-ba35-bd3bd39bcce9,nimble.desi,premium,94,32,6,,,
8f785739-8dda-4ee2-939d-356e3d3193ac,nineteen.desi,premium,84,10,8,,,
7087dd1d-38df-45e5-b441-a10ae461f103,noticeable.desi,premium,68,4,10,,,
3133b9c5-b963-4fbd-84fc-d55f3930c815,nought.desi,premium,92,6,6,,,
2e8487b2-b737-431b-a312-c65359cf81d5,nourishing.desi,premium,72,8,10,,,
c3c4cd64-a78c-4a9c-915e-0a76242d0d41,nutrient.desi,premium,92,9,8,,,
f9b6f4fc-7c9c-4c31-b561-c2b516e9a8c3,nutritious.desi,premium,80,5,10,,,
8b30190c-4eee-480e-896a-f7ad494cd41e,obese.desi,premium,78,6,5,,,
1c4eec71-2aed-42d3-ac2f-9112d7ccb581,obtuse.desi,premium,78,5,6,,,
d62ab9fd-1767-4186-a2b4-abfdcfd0a37f,odd.desi,premium,72,30,3,,,
410b6a8f-6567-4e04-92cb-ddc9f730227f,oil.desi,premium,74,26,3,,,
a6569446-d548-4432-bc78-67702522150a,okay.desi,premium,146,28,4,,,
4419e347-072b-4512-94b8-ae8e346ba22a,older.desi,premium,66,10,5,,,
84007ddd-6cb4-4921-9a2f-f45b58862012,one.desi,premium,132,49,3,,,
e233d881-a6d0-4e33-96af-44f009d4d673,only.desi,premium,110,41,4,,,
d5e37418-892a-460d-88ad-ff7a5b26312b,opposite.desi,premium,92,9,8,,,
f0f546fc-a9ef-4f8b-aec4-aee7a844ae62,option.desi,premium,104,18,6,,,
e5b4eb84-3d86-42ea-ab5c-f4bd8750b17e,organic.desi,premium,93,30,7,,,
621d1d2d-51a8-42be-8320-cece0cdba2c5,organise.desi,premium,76,9,8,,,
1f1d2fa1-646e-49d0-a907-4d20ceaa005b,organize.desi,premium,82,19,8,,,
8502e484-9bde-497e-9015-72d4858538ae,orso.desi,premium,62,11,5,,,
fb37ed2b-5598-4fee-8a23-970c5811310f,outdoors.desi,premium,88,17,8,,,
04c2946e-3e06-48ec-b1be-287b512193fc,outlaw.desi,premium,62,20,6,,,
bb712585-391a-407a-952e-f1a3f7f84ff7,outside.desi,premium,60,26,7,,,
aed47dc5-85fd-4036-8048-8a4c85732564,oval.desi,premium,60,22,4,,,
f1292f5c-0162-4280-b50a-25c49e9fb9d8,over.desi,premium,80,25,4,,,
be5973e1-84d1-45c4-b041-d2ba4552bfac,overnight.desi,premium,112,16,9,,,
b6a1fab6-b5d5-45ea-95bb-a9ebf448a3b2,overseas.desi,premium,68,14,8,,,
23658134-9df1-4f03-98b7-3ce0a8202f1b,pack.desi,premium,100,30,4,,,
c0b6b855-c8dc-4e16-8f31-bd180b75843a,passon.desi,premium,72,7,7,,,
324cfd5c-c401-4889-851b-cfe8cc141810,pervert.desi,premium,80,9,7,,,
fdd0df7d-11af-4248-8f02-e14f3afe8fc9,pity.desi,premium,112,7,4,,,
cc9e4a08-3bb4-456d-a02e-7c390de7a9f4,planned.desi,premium,74,10,7,,,
fd3cf849-09b1-4917-a015-7fb883e33fb4,planted.desi,premium,68,10,7,,,
122696d4-796e-4729-ab51-55a2833144ee,playing.desi,premium,74,14,7,,,
07c8c30c-2351-4910-88d5-d2d5e4bda580,plotted.desi,premium,72,4,7,,,
e7086782-8368-48ea-8706-44fd39d83d46,pop.desi,premium,82,41,3,,,
960cd825-0c74-4704-aee2-ca00d456ccb2,practiced.desi,premium,70,4,9,,,
f8909b1d-0147-4b72-9d96-c2060eca9426,prepared.desi,premium,66,13,8,,,
73c814c4-4d0e-4289-8a7c-75eacf16ad95,preventive.desi,premium,84,6,10,,,
2f1c1451-0cb5-4bd1-b8bb-515b7ed79df0,proficient.desi,premium,88,10,10,,,
2fe03cb4-c7ff-411e-8bd0-97454a0f9b72,progress.desi,premium,82,32,8,,,
4f0f0db6-6abb-4dd0-9459-3fa17bbf16ac,quick.desi,premium,72,41,5,,,
5dadec2d-144e-4146-bdb1-0de55fdcb34f,rag.desi,premium,54,22,3,,,
5e8d7fde-414d-4e7b-8745-3be7c4d7152d,rank.desi,premium,70,33,4,,,
1c1ad424-e241-4af2-9b21-17ab7efabe5a,realised.desi,premium,71,4,8,,,
c612c9b6-a5a6-4e7c-8044-148fa0245e7e,realizable.desi,premium,74,2,10,,,
c97a71d3-3825-44de-bfff-5855174f4302,realized.desi,premium,71,9,8,,,
d10e0b94-5ac3-4d9c-a0d0-fec4f2ccff9f,recognised.desi,premium,78,3,10,,,
2ad9be67-ead7-4827-b258-8a8df05c1070,recognized.desi,premium,78,5,10,,,
1c10f059-4587-4dcd-a73d-6e5171274719,recovering.desi,premium,70,6,10,,,
05aabf86-296d-4909-8c95-458d8b255be6,rectify.desi,premium,78,14,7,,,
ed4b0ec5-84eb-4fa0-9f6e-f36767b4608f,reduce.desi,premium,78,12,6,,,
ef3034c7-f9c8-42a7-8aae-dd4de82de269,remedial.desi,premium,86,25,8,,,
a5eb0a93-d6d4-4207-beca-9cc165db54c7,remove.desi,premium,100,15,6,,,
fbd612e9-6aef-4677-96f8-c1177dc1faf9,repeat.desi,premium,96,15,6,,,
223d00b7-4e4c-4de7-a49d-f174a153f3f5,required.desi,premium,68,9,8,,,
813556f0-158a-47e1-828a-47394534038b,reverse.desi,premium,114,28,7,,,
ecff499e-37b4-474e-8012-e3d00aaa4a8b,ridiculous.desi,premium,58,11,10,,,
6c5146db-33ff-4b7d-8b26-2521f454d859,right.desi,premium,82,29,5,,,
26e5e718-e435-49a3-a978-001766af52c1,riveting.desi,premium,90,8,8,,,
4c9d8d0b-f91a-4f03-96bd-3f15061360f6,rotten.desi,premium,68,13,6,,,
f0053666-35f0-42d6-a24e-65525ae7acbb,roughly.desi,premium,62,5,7,,,
60a6e3e4-514d-4405-9cc7-03fbf3aa0ba6,sacked.desi,premium,56,5,6,,,
47494e32-24cf-483b-ba62-604482af38d0,sad.desi,premium,72,26,3,,,
b5f9c79e-4171-4396-a38e-05760f1fbb41,satanic.desi,premium,48,13,7,,,
66ec1b83-51fd-494e-9d04-ec1158370614,scornful.desi,premium,50,2,8,,,
7b0829c1-6f8c-4876-850f-8463fea2232f,second.desi,premium,120,25,6,,,
527751a7-9ba5-4fbd-9657-d55c1822ca46,seize.desi,premium,69,8,5,,,
383d05a9-f1f9-443b-9cdc-0d9db977de13,selfless.desi,premium,70,11,8,,,
e010b73d-dce7-4393-9fba-db138ec8d732,senior.desi,premium,70,30,6,,,
a733d8db-60ec-437c-bf83-afda0b6c8819,sensation.desi,premium,74,9,9,,,
95e71ceb-914e-4c0e-affc-5318c592a503,separate.desi,premium,98,7,8,,,
72c27949-fffa-4f97-90f4-802e57eb1770,seventeen.desi,premium,84,62,9,,,
ab5a4045-0c92-4869-84d7-e17ce5cf275d,shared.desi,premium,70,41,6,,,
763378f7-fa67-489f-9289-706247563a31,sharp.desi,premium,84,36,5,,,
80c1dcf2-20e6-4b0d-b52f-95f1a665906d,shocking.desi,premium,68,7,8,,,
a294471b-5f41-4ec1-9ae4-324749e70437,short.desi,premium,76,33,5,,,
272847fe-8352-41eb-802b-c6f82204b32e,sideways.desi,premium,70,11,8,,,
23d798ae-b24a-4030-b7ee-6a328fe13936,silly.desi,premium,82,24,5,,,
abd7a004-d8ca-4e79-b973-f97dc715451a,sincere.desi,premium,72,21,7,,,
929a6ee6-c92a-4391-bced-913d4d14a162,six.desi,premium,66,31,3,,,
e1cc9b31-4b13-4ae2-bfa3-13aa7ccea7f7,sixteen.desi,premium,88,13,7,,,
f4d20096-1167-480a-8186-5e807aca66c8,skilful.desi,premium,74,4,7,,,
cdc79af2-8e2e-4ee5-a4cd-a9ffd059a4e8,skillful.desi,premium,70,10,8,,,
a1f3cb83-9441-4223-a58b-002db0efcde3,slick.desi,premium,66,19,5,,,
4087b50f-403b-43da-bad8-aa1c5a191fc2,sly.desi,premium,60,17,3,,,
97280f0b-6a25-4be2-8740-3344d5e15560,snap.desi,premium,90,43,4,,,
4d5f03b0-fd06-4781-8b40-4b8ecfa7cc06,soft.desi,premium,124,32,4,,,
796a7918-9cd7-4645-a643-b8a5cec982f8,soil.desi,premium,92,23,4,,,
eb09ed38-b739-44ce-9700-a2b2b481a4e6,some.desi,premium,80,35,4,,,
e8870a7b-229f-4f75-a8b2-c398c6f5d772,sorry.desi,premium,140,17,5,,,
d345fd09-ebcc-400a-a952-7be591c7b6c7,split.desi,premium,46,27,5,,,
0334c772-94ae-46d3-9ca3-6caff2e3e368,spread.desi,premium,92,21,6,,,
3f70ff50-53e9-4680-9a06-37b2a95af2fa,star.desi,premium,86,43,4,,,
cf92140d-9f7c-4e32-ab8f-938317f076d8,staring.desi,premium,64,7,7,,,
69d11a20-101c-4840-ada7-bc4abddd995a,strained.desi,premium,61,2,8,,,
8b011590-dd41-4bb6-a633-4ab816f53c4f,stretch.desi,premium,100,26,7,,,
a1c1e2d1-3b94-4ce2-a75d-b12e2bffc827,strip.desi,premium,84,18,5,,,
0952f217-9628-4d93-9e73-b8717249ce1e,substitute.desi,premium,90,5,10,,,
55652b42-599f-4982-b1bd-956ab1a51589,succinct.desi,premium,69,9,8,,,
6c36ed0d-9e92-48c7-b86d-d03df0a87339,sum.desi,premium,66,25,3,,,
26d3ec78-d3cc-4b5f-9e56-be72f93228ae,summary.desi,premium,71,16,7,,,
529c38d2-9484-4de1-afc4-6a1413be8a21,superstar.desi,premium,80,21,9,,,
93954426-1a4f-4362-bc09-4e37dd4b08a7,supposed.desi,premium,72,3,8,,,
3ad745b2-6e0e-4de0-a63e-a739a2a8bd20,surrogate.desi,premium,100,9,9,,,
0d199fb6-41ff-4e4b-900b-9ac993a36cb1,swollen.desi,premium,65,3,7,,,
dd7fc892-284f-4245-b472-e2de32eb94b6,tears.desi,premium,68,8,5,,,
c4fc1ee0-21be-46e7-995b-9701553438f2,teen.desi,premium,104,19,4,,,
167005d4-4a00-40fe-90f7-3d3f7c62b2fe,teenager.desi,premium,66,8,8,,,
093bc1f4-be0a-41a6-8025-3b4855d9abcc,tempting.desi,premium,88,5,8,,,
90f7b1eb-7b1f-4093-a4d2-91ea197c9b2c,ten.desi,premium,88,30,3,,,
c845ce84-63b1-42c3-bf4d-1fe345c85f0c,tender.desi,premium,120,23,6,,,
b3d3df82-e1ff-4471-98e6-c968d33193e9,tenner.desi,premium,66,6,6,,,
4d8e62d7-2853-41f9-9c28-6daa8fb7eab9,tenth.desi,premium,116,9,5,,,
4080184a-85c6-4973-91d9-0bbe6a8bb4b7,terminal.desi,premium,104,33,8,,,
e17e4f31-5917-46a3-91a6-0d7e2029e43a,thirteen.desi,premium,84,12,8,,,
875a1954-d70c-478c-b9e9-3512982bf9e5,thou.desi,premium,60,8,4,,,
27d0641c-d7df-4274-9056-0e39f61b1d25,thousand.desi,premium,84,10,8,,,
fd949b44-1a7a-4442-9049-60baf243c72a,three.desi,premium,88,29,5,,,
319d7b93-7850-4b16-a4c4-a240046c78cb,through.desi,premium,92,11,7,,,
d4a0a004-bb8f-40a2-9d7e-6e485ed1b367,tonic.desi,premium,114,25,5,,,
41b0ffad-ca14-444b-9a9b-60c6bd2e64cc,total.desi,premium,108,37,5,,,
623ae6ae-b9cf-4edd-ba8b-f8dc14a202e4,totally.desi,premium,70,17,7,,,
27e72814-b021-40c0-bcf6-98d21fe8afce,track.desi,premium,94,40,5,,,
334567f6-238b-4ec2-b6cd-3d7e6d4450f3,treat.desi,premium,72,20,5,,,
b90e7c40-8e55-4546-9665-f2b2f6341143,trinity.desi,premium,72,25,7,,,
064e1590-f714-4926-aea4-b28588f50c21,trio.desi,premium,80,22,4,,,
e5abb8d2-34bc-41e8-8e72-c46ecc9aa9a3,twelve.desi,premium,88,21,6,,,
fed8c187-cfc9-4ac0-85c5-ef616c033f6f,twentieth.desi,premium,92,3,9,,,
7a5cc7a2-c1ef-4c1b-8121-6326b0d75bf9,twenty.desi,premium,80,14,6,,,
5adc2532-7e5f-4a04-914a-fe61b6adf037,twentyone.desi,premium,84,14,10,,,
4f4f1d34-63b5-488a-b69d-40a86cc7d742,twentysix.desi,premium,78,9,10,,,
78aac9c1-93e2-44c3-8d7b-2f29a52c6037,twentytwo.desi,premium,84,12,10,,,
043f9c48-770f-47b2-ae51-94542a96568b,two.desi,premium,80,26,3,,,
64371d75-ed7a-48ee-b50f-525be4ed75f6,typical.desi,premium,82,12,7,,,
0caf8b2a-eed0-4db2-84ea-bdcf93e166d7,ugly.desi,premium,96,25,4,,,
d9cb41fa-6e37-4290-8741-c74c4e4c90ab,unhappy.desi,premium,100,5,7,,,
80ec59d8-41a8-43bf-a92f-74946b9127e4,unify.desi,premium,72,38,5,,,
c56be4e9-e6cc-44b7-a265-96bc4053f5c0,unity.desi,premium,70,40,5,,,
7a67126c-7699-4bd6-814d-303d2fd4b038,upset.desi,premium,90,8,5,,,
063d1af2-8a2f-46e6-bd49-83262376edb2,uptodate.desi,premium,70,9,10,,,
5a201ee8-2937-4854-a04b-653e93fbda5b,usage.desi,premium,70,8,5,,,
0e0e2674-46b6-4247-955d-a5b28761eb2f,verywell.desi,premium,68,9,9,,,
7a0fd006-45a8-4546-bf23-c213bdedade5,virtuoso.desi,premium,94,18,8,,,
6d999452-ff18-409c-aad2-d3b70b74c0c3,warm.desi,premium,112,19,4,,,
b8321672-4e01-48d1-ac90-d31f09f2852d,weak.desi,premium,62,9,4,,,
9a773edf-f9d5-4c9d-a916-b8beef53b22f,wealthy.desi,premium,78,22,7,,,
0a872887-0a8c-465c-9326-09287556bdff,weird.desi,premium,64,29,5,,,
9ff0967e-8a5e-44fd-a50a-80a174409cdb,whiz.desi,premium,100,15,4,,,
f06e6a03-f9c7-4014-b3b4-055baf7482f1,whizz.desi,premium,98,10,5,,,
92ba0ce5-63a1-46ea-b60e-e6e39e643413,whole.desi,premium,104,21,5,,,
877f9edf-e560-45ee-b69c-919d1d7964ce,wicked.desi,premium,70,28,6,,,
10ac3cbe-8acd-4a82-9481-2a0dc37fbe67,wide.desi,premium,88,19,4,,,
c631fe3e-5362-4810-a8cb-450a7c05f89f,wiz.desi,premium,80,29,3,,,
0ac7167b-a8f9-46be-8cde-22f5ecc95726,wizard.desi,premium,118,45,6,,,
466746c2-35cb-4956-9e8d-70111cc1d058,worried.desi,premium,72,6,7,,,
b0a31b78-b770-4547-9d97-f61145c756e3,xii.desi,premium,66,12,3,,,
005c400d-2d22-4bcf-9514-24c8839e4012,xiii.desi,premium,66,10,4,,,
bb0d1ed5-60b6-40cc-98bb-34aae13066e1,xiv.desi,premium,86,14,3,,,
bc405516-8f17-47ce-8946-7c5572e8b767,xix.desi,premium,86,12,3,,,
575ed117-29b8-4c0d-bc5c-06f6a4744810,xvi.desi,premium,66,7,3,,,
fb226738-6668-474b-8694-ec0b71ddee24,xvii.desi,premium,66,7,4,,,
88c2b381-3056-42b5-a717-7ef22c6f3680,xviii.desi,premium,66,5,5,,,
5beef5a5-4aa4-4731-9551-972ebc698845,xxi.desi,premium,66,12,3,,,
57c3d977-7032-4161-a3fb-52a83533f7ce,xxii.desi,premium,66,7,4,,,
805abe3d-6f7c-4489-bf16-cb36eb313cb8,xxv.desi,premium,66,9,3,,,
75761086-5ba1-4f56-b9e9-b4f3450ff160,xxvi.desi,premium,66,4,4,,,
675bfd63-36e5-4cb7-af3f-e6c7c4f08771,yard.desi,premium,80,34,4,,,